date,plant_name,botanical_name,image_url,fact_1,fact_2,fact_3,use_1,use_2,use_3,region,habitat,category,history,description
1,Neem,Azadirachta indica,https://images.pexels.com/photos/13666672/pexels-photo-13666672.jpeg,"Did you know Neem can purify air by absorbing pollutants, making it a natural air filter in urban areas?","Did you know Neem seeds produce oil that can fuel lamps, offering a sustainable light source in rural regions?",Did you know Neem twigs were historically used as natural toothbrushes in India due to their antibacterial properties?,"Insect repellent: Neem leaves emit compounds that naturally deter pests, protecting crops and homes.",Medicinal extracts: Neem bark and seeds yield oils for treating skin infections and inflammation.,Shade provider: Neem’s dense canopy offers cooling shade in tropical urban and rural areas.,South Asia,Tropical,Tree,Used in Ayurvedic medicine for centuries,"Neem (Azadirachta indica) is a fast-growing evergreen tree native to South Asia, flourishing in tropical and subtropical climates. Its compound, sharply toothed leaves form a serrated pattern that aids water retention while naturally resisting pests. Typically reaching 50 to 65 feet in height, neem is valued for its spreading crown and dense shade, making it a familiar feature of both rural villages and urban landscapes.

Every part of the tree holds remarkable utility. The leaves, bark, and seeds are central to Ayurvedic medicine, where they are used to treat skin disorders, infections, and inflammation thanks to potent antibacterial, antifungal, and anti-inflammatory compounds. Neem leaves are also applied in organic pest control, serving as a natural insect repellent without harmful chemicals. Crushed leaves are incorporated into soothing face packs, while neem oil, pressed from the seeds, is widely used in cosmetics, hair treatments, soaps, and eco-friendly repellents.

Ecologically, neem thrives even in poor, dry soils, where its hardy root system helps stabilize land, reduce erosion, and restore degraded environments. Its small, fragrant white flowers attract bees, butterflies, and other pollinators, supporting biodiversity. The dense canopy provides shelter for birds and small mammals, creating microhabitats in otherwise challenging environments.

Culturally, neem carries deep significance across South Asia. It is commonly planted near homes and temples for spiritual protection and blessings. The wood, notable for its durability and natural termite resistance, is used in construction, agricultural tools, and furniture.

Today, neem is cultivated far beyond its native range, including Africa, Australia, and the Americas. Its resilience, low water requirements, and rapid growth make it ideal for reforestation and climate-adaptation projects. Combining medicinal, agricultural, ecological, and cultural value, neem stands as a versatile and sustainable species benefiting both people and the environment worldwide."
2,Maple,Acer palmatum,https://images.pexels.com/photos/707668/pexels-photo-707668.jpeg,"Did you know Maple trees can predict weather, with leaves curling inward before heavy rain?",Did you know Maple wood is so resonant it’s used to craft high-quality violins and guitars?,"Did you know Maple sap can take 40 gallons to produce just one gallon of syrup, showcasing its concentrated sweetness?","Syrup production: Maple sap is boiled to create sweet syrup, a North American delicacy.","Ornamental landscaping: Maple’s vibrant fall foliage enhances gardens, parks, and urban aesthetic spaces.","Symbol in Canada: Maple leaf represents national identity, featured on flags and cultural icons.",Temperate Northern Hemisphere,Temperate,Tree,Iconic in Canadian culture,"Maple trees (Acer palmatum) are deciduous and celebrated worldwide for their striking ornamental leaves that transform into vibrant red, orange, and yellow shades in autumn. Native to East Asia, they flourish in temperate climates, adapting easily to seasonal variations. Their distinctive palm-like leaves, typically with five to nine lobes, maximize sunlight absorption during the growing season and contribute to their dazzling fall display.

Generally reaching heights of 15 to 25 feet, maples are prized in gardens, parks, and urban landscapes for their graceful form and foliage. They are also cultivated as bonsai specimens, where their delicate yet resilient leaves embody harmony and artistic refinement. Some species, such as Acer saccharum (sugar maple), provide the sap used to produce maple syrup, an iconic culinary product in North America. The maple leaf is also recognized as Canada’s national symbol, appearing prominently on its flag.

Maple wood, dense and beautifully grained, is highly valued in furniture making, flooring, and musical instruments like violins and guitars. Beyond aesthetics and practical use, maples provide dense shade, support pollinators such as bees, and play a vital ecological role. Their distinctive winged samara seeds, often called “helicopters,” disperse effectively by wind, ensuring natural regeneration and widespread growth.

Historically, maples have been planted in towns and cities to improve air quality, tolerate pollution, and provide cooling shade. Regions such as New England, where autumn foliage draws millions of visitors annually, benefit economically from the seasonal spectacle. Ecologically, maple trees stabilize soils, conserve moisture, and create habitats for birds, insects, and small mammals.

In Japanese culture, maples symbolize balance, peace, and renewal, appearing in traditional art, gardens, and festivals. With numerous cultivated varieties tailored to diverse climates and aesthetic needs, maples remain among the most beloved trees globally, admired for their adaptability, resilience, and enduring beauty."
3,Mango,Mangifera indica,https://images.pexels.com/photos/16537239/pexels-photo-16537239.jpeg,"Did you know Mango trees can produce fruit for over 300 years, outliving many other fruit trees?","Did you know Mango leaves are used in Indian weddings to decorate entrances, symbolizing prosperity?",Did you know Mango bark can be brewed into a tea that helps treat diarrhea in traditional remedies?,"Fruit production: Mango trees yield juicy fruits, a dietary staple in tropical cuisines worldwide.",Water purity testing: Mango leaves’ chemical properties help assess water quality in biological research.,Ornamental shade: Mango’s broad canopy provides aesthetic shade in orchards and urban landscapes.,South Asia,Tropical,Tree,Cultivated for millennia in India,"Mango trees (Mangifera indica) are majestic evergreen species native to South Asia, thriving in tropical and subtropical climates. Known as the “king of fruits,” mangoes have been cultivated for over 4,000 years, spreading across Southeast Asia, Africa, and the Americas through trade and exploration. These long-lived giants can grow more than 100 feet tall and survive for centuries, their resilience making them essential to agriculture, ecology, and culture.

The leaves, leathery and lance-shaped, emerge reddish before maturing to a glossy deep green. They play a vital role in energy storage during fruiting and are also used in biological studies to test water purity due to their chemical composition. The tree’s dense, spreading canopy provides extensive shade, stabilizes soils, and prevents erosion with its deep root system. Orchards and urban landscapes benefit from the cooling shelter mango trees create, while birds, insects, and small mammals find refuge within their branches.

Mango fruits, juicy and aromatic, are integral to cuisines worldwide, consumed fresh or processed into juices, chutneys, and desserts. Varieties differ in flavor, size, and disease resistance, ensuring global adaptability. Culturally, mangoes hold great significance in India, symbolizing prosperity and fertility, often used in festivals, weddings, and religious rituals. Mango leaves decorate doorways during celebrations, representing blessings and protection.

Medicinally, both the leaves and bark are incorporated into traditional remedies for digestive issues, diabetes, and skin ailments. Mango wood, though less valued compared to fruit production, is still used in furniture, construction, and carvings due to its workable texture.

With ample sunlight and well-drained soil, mango trees yield abundant harvests, sometimes year-round in favorable climates. Beyond their economic and nutritional value, mangoes enrich biodiversity, support food security, and embody deep cultural heritage, making them one of the world’s most treasured and enduring fruit trees."
4,Guava,Psidium guajava,https://images.pexels.com/photos/29080042/pexels-photo-29080042.jpeg,Did you know Guava leaves can reduce acne when applied as a paste due to their antimicrobial properties?,"Did you know Guava trees can produce up to 100 pounds of fruit annually, supporting food security?",Did you know Guava wood is so durable it’s used for carving tools in tropical regions?,Medicinal teas: Guava leaves are brewed into teas to boost immunity and treat digestive issues.,Mouthwash ingredient: Guava leaf extracts with antibacterial properties enhance oral hygiene products.,"Antioxidant source: Guava fruits and leaves provide antioxidants, supporting health and wellness.",Tropical Americas,Tropical,Tree,Used in traditional medicine,"Guava (Psidium guajava) is a fast-growing evergreen tree native to tropical regions of the Americas, now cultivated widely across Asia, Africa, and Oceania. Thriving in warm, humid climates, guava trees are prized for their adaptability, resilience, and nutritional fruits. Typically reaching 10 to 30 feet in height, they are grown both in orchards and household gardens for their reliable yields and medicinal benefits.

The tree’s broad, oval leaves have a slightly rough texture and are rich in essential oils, flavonoids, and tannins that contribute to its natural defenses. When crushed, the leaves release a distinct sweet aroma and are used in teas to boost immunity, manage digestive disorders, and control blood sugar levels. Modern studies have confirmed their antibacterial and antioxidant properties, making them useful in natural mouthwashes and traditional remedies.

Guava fruits are round to pear-shaped, with thin green or yellow skin and pink or white flesh packed with vitamin C, fiber, and antioxidants. They are consumed fresh or processed into juices, jams, jellies, and desserts, playing a vital role in culinary traditions across Latin America, the Caribbean, and Asia. The fruiting season often occurs multiple times per year, enhancing its value in tropical agriculture and supporting food security.

Ecologically, guava trees are adaptable to varied soils but thrive best in well-drained, fertile conditions with ample sunlight. Their dense canopy provides shade, stabilizes soil, and attracts pollinators like bees, contributing to biodiversity. However, their shallow root system requires management to prevent invasiveness in non-native areas.

Culturally, guava holds significance in folklore and daily life, often symbolizing abundance and health. Its rapid growth, ornamental appeal, and consistent yields make it a staple of sustainable farming systems. Combining ecological, medicinal, and nutritional benefits, guava stands as one of the most versatile and widely cherished fruit trees worldwide."
5,Peepal,Ficus religiosa,https://images.pexels.com/photos/26831573/pexels-photo-26831573.jpeg,"Did you know Peepal trees release oxygen at night, unlike most plants, aiding urban air quality?","Did you know Peepal leaves are used as natural plates in Indian rituals, blending tradition with sustainability?","Did you know Peepal trees can host over 100 bird species, creating vibrant urban ecosystems?","Shade provider: Peepal’s wide canopy offers cooling shade, ideal for urban and rural settings.","Biodiversity support: Peepal’s figs and foliage sustain birds and insects, enhancing urban ecosystems.","Religious ceremonies: Peepal leaves are used in Hindu and Buddhist rituals, symbolizing enlightenment.",South Asia,Tropical,Tree,Sacred in Buddhism and Hinduism,"Peepal (Ficus religiosa) is a large, fast-growing tree native to South Asia, thriving across tropical and subtropical regions. Recognizable by its heart-shaped leaves with elongated tips and broad bases, the peepal has light, flexible foliage that flutters even in mild breezes. This movement aids rainwater drainage and minimizes wind stress, while its wide canopy provides dense shade and shelter. Mature trees typically reach 60 to 100 feet in height, with lifespans that often extend for centuries, making them enduring landmarks in both rural and urban landscapes.

Ecologically, the peepal is highly valuable. Its extensive root system stabilizes soils, prevents erosion, and supports water retention in degraded areas. The small figs produced by the tree are an important food source for birds, bats, and insects, thereby enriching local biodiversity. Its resilience in polluted environments makes it an excellent choice for urban planting, where it improves air quality and provides green cover in heavily built-up areas.

Medicinally, the leaves, bark, and seeds are integral to Ayurveda, used to treat respiratory disorders, skin ailments, and digestive issues. Traditional practices also employ dried leaves for wound healing and seeds in herbal formulations. The wood, though soft and less durable, is occasionally used for small crafts, though felling is rare due to cultural reverence.

Culturally and spiritually, the peepal holds immense importance. In Hinduism, it symbolizes protection and prosperity, while in Buddhism it is revered as the Bodhi tree under which Siddhartha Gautama attained enlightenment. Its leaves are used in rituals, offerings, and as natural plates in rural communities. Frequently planted near temples and homes, the tree embodies sanctity, endurance, and wisdom.

Today, the peepal is cultivated across Southeast Asia and beyond, where it continues to serve ecological, medicinal, and cultural purposes, blending practical value with profound spiritual symbolism."
6,Banyan,Ficus benghalensis,https://images.pexels.com/photos/709543/pexels-photo-709543.jpeg,"Did you know Banyan trees can create microclimates, cooling areas beneath their massive canopies?","Did you know Banyan figs are a key food source for monkeys and bats, supporting tropical biodiversity?",Did you know Banyan roots were historically used to make ropes in rural Asian communities?,Shade provider: Banyan’s massive canopy creates cool microclimates for community gatherings in tropics.,"Carbon sequestration: Banyan’s extensive growth absorbs significant carbon, aiding climate regulation efforts.",Habitat creation: Banyan’s aerial roots and canopy provide homes for diverse tropical wildlife.,South Asia,Tropical,Tree,Cultural symbol in India,"Banyan (Ficus benghalensis) is a majestic evergreen tree native to South Asia, renowned for its vast canopy and remarkable aerial roots that grow into the ground to form secondary trunks. This unique growth habit allows the tree to spread horizontally across large areas, sometimes covering acres, creating the impression of a forest supported by a single organism. Mature banyans often reach heights of 100 feet, with their immense spread offering dense shade and cooling microclimates in tropical regions.

Ecologically, banyans are keystone species, providing food, shelter, and habitat for countless creatures. Their figs are consumed by birds, bats, monkeys, and insects, supporting complex food webs and aiding seed dispersal. The dense foliage offers nesting sites for wildlife, while the extensive root systems stabilize soil, prevent erosion, and help retain groundwater. Their vast biomass also makes banyans significant carbon sinks, contributing to climate regulation.

In traditional medicine, the leaves, bark, and aerial roots are valued in Ayurveda for their anti-inflammatory, antimicrobial, and wound-healing properties. Poultices from the bark are used to treat skin conditions, while aerial root extracts are applied for dental care and digestive health. Despite having workable wood, banyans are rarely felled due to their immense ecological and cultural significance.

Culturally, the banyan is deeply symbolic in India and neighboring regions, representing longevity, endurance, and eternal life. These trees often serve as communal gathering spots, courtyards, and meeting places, historically planted along roads and marketplaces for shade and social interaction. Many ancient banyans remain as revered landmarks, entwined with folklore and spirituality, often associated with deities and temple complexes.

Beyond South Asia, banyans have been introduced to Africa, Australia, and other tropical areas, where they continue to adapt and thrive. With their ecological resilience, cultural importance, and breathtaking presence, banyans stand as living monuments of nature and heritage."
7,Tulsi,Ocimum tenuiflorum,https://images.pexels.com/photos/32112349/pexels-photo-32112349.jpeg,"Did you know Tulsi plants can repel snakes due to their strong aroma, acting as a natural deterrent?","Did you know Tulsi leaves can boost memory when consumed as tea, per Ayurvedic studies?","Did you know Tulsi is planted in Indian courtyards to ward off negative energy, a spiritual tradition?",Herbal teas: Tulsi leaves are brewed into teas for respiratory health and stress relief benefits.,"Medicinal remedies: Tulsi’s antimicrobial oils treat colds, skin conditions in Ayurvedic practices.","Pollinator attraction: Tulsi’s flowers draw bees and butterflies, boosting garden biodiversity effectively.",Pollinator attraction,South Asia,Tropical,Herb,"Tulsi (Ocimum tenuiflorum), also known as holy basil, is a small, bushy perennial herb native to South Asia, thriving in tropical and subtropical climates. Reaching 1 to 2 feet in height, it features aromatic, slightly hairy leaves that range in color from green to purplish hues. When touched or crushed, the leaves release a sharp, clove-like fragrance attributed to their rich essential oil content. Tulsi prefers well-drained soils and full sun, making it an easy-to-grow plant in gardens, courtyards, and temple spaces.

Medicinally, tulsi is central to Ayurvedic practices, where it is valued for its broad therapeutic range. Its leaves are brewed into herbal teas that relieve respiratory issues, reduce stress, and enhance immunity. Compounds within the plant exhibit antimicrobial, antifungal, and anti-inflammatory properties, making tulsi effective in natural remedies for colds, fevers, and skin conditions. Modern scientific research has validated its antioxidant benefits, linking it to cardiovascular health, stress reduction, and overall wellness.

Culturally, tulsi holds sacred status in Hinduism, where it symbolizes purity, devotion, and protection. Many households in India and Nepal grow tulsi in earthen pots or courtyards, often as part of daily worship rituals. Its presence near temples reflects its spiritual significance, believed to invite blessings and ward off negative energies. Ritual offerings and festivals frequently involve tulsi leaves, underscoring their religious importance.

Ecologically, tulsi enhances biodiversity by attracting bees, butterflies, and other pollinators with its small purple flowers, supporting local ecosystems. Its rapid growth, resilience, and low maintenance requirements make it ideal for sustainable gardening. The plant’s seeds propagate easily, ensuring continuous cultivation across regions.

Beyond South Asia, tulsi has spread globally to areas such as Africa, the Caribbean, and parts of the Americas, where it is valued for its adaptability, medicinal use, and culinary flavoring."
8,Eucalyptus,Eucalyptus globulus,https://images.pexels.com/photos/6168330/pexels-photo-6168330.jpeg,"Did you know Eucalyptus leaves can be used to dye fabrics, producing natural blue-green hues?","Did you know Eucalyptus trees can absorb massive amounts of water, helping drain swampy lands?","Did you know Eucalyptus oil can relieve muscle pain when used in massages, a common global remedy?",Essential oil production: Eucalyptus leaves yield antiseptic oils for cough drops and aromatherapy products.,"Timber source: Eucalyptus wood is used for durable furniture, paper, and construction materials.",Landscaping: Eucalyptus trees enhance landscapes with their fast growth and aesthetic appeal.,Landscaping,Australia,Temperate to Tropical,Tree,"Eucalyptus (Eucalyptus globulus) is a fast-growing evergreen tree native to Australia, where it dominates landscapes from coastal areas to inland plains. Known for its smooth, peeling bark and long, leathery leaves, eucalyptus can reach 60 feet within its first decade and ultimately grow to 100–200 feet in height. The tree annually sheds bark in strips or patches, renewing its surface and maintaining healthy growth. Its foliage contains aromatic oils with strong antiseptic properties, widely used in cough drops, balms, vaporizers, and aromatherapy.

Ecologically, eucalyptus plays an essential role in its native habitat. Its leaves provide the primary food source for koalas, while the dense canopy offers shade and shelter in arid environments. The deep root system stabilizes soils, prevents erosion, and accesses groundwater reserves, enabling survival in drought-prone regions. However, eucalyptus also releases volatile oils into the atmosphere, improving air freshness but increasing flammability, which requires careful management in fire-prone ecosystems.

Economically, eucalyptus is one of the most important plantation trees worldwide. Its rapid growth and adaptability make it a reliable source of timber, pulpwood, and fuel. The durable wood is used in flooring, furniture, and construction, while its fibers are essential to the paper industry. Eucalyptus oil, distilled from the leaves, is a valuable export commodity used in cosmetics, cleaning products, and pharmaceuticals.

Culturally, eucalyptus has long been significant to Indigenous Australians, who utilized its bark, leaves, and gum for medicine, tools, and ceremonial practices. Its medicinal uses—such as treating coughs, fevers, and infections—have been passed down for generations.

Today, eucalyptus is cultivated globally across Africa, Asia, and the Americas, where it supports reforestation, provides windbreaks, and enhances rural economies. With its ecological resilience, medicinal value, and industrial uses, eucalyptus remains a cornerstone of sustainable forestry and landscaping worldwide."
9,Lemon,Citrus limon,https://images.pexels.com/photos/2872846/pexels-photo-2872846.jpeg,"Did you know Lemon leaves can deter moths when placed in closets, acting as a natural repellent?",Did you know Lemon trees can produce up to 600 pounds of fruit annually in ideal conditions?,"Did you know Lemon peel oil is used in perfumes, adding a fresh, citrusy note?","Culinary flavoring: Lemon leaves and fruit add zesty flavor to teas, meats, and desserts.",Ornamental planting: Lemon trees’ glossy leaves and fruits beautify gardens and urban spaces.,"Fruit production: Lemon fruits, rich in vitamin C, are a global dietary staple.",Mediterranean,Tropical to Subtropical,Tree,Cultivated since ancient times,"Lemon (Citrus limon) is a small evergreen tree native to the Mediterranean region, prized worldwide for its aromatic leaves, fragrant blossoms, and tangy fruits. Typically growing 10 to 20 feet tall, lemon trees feature glossy, ovate leaves rich in essential oils that release a refreshing citrus scent when crushed. These oils, found in both leaves and peels, contribute to the plant’s resilience and extensive culinary and medicinal uses.

Thriving in warm, sunny climates, lemon trees prefer well-drained, slightly acidic soils and require consistent watering. Although sensitive to frost, they flourish in subtropical and tropical regions, producing fruit year-round under favorable conditions. Their white, fragrant flowers attract bees and other pollinators, supporting biodiversity and ensuring steady yields. The dense foliage provides modest shade, making the tree valuable in orchards, gardens, and household courtyards.

Lemon fruit is a dietary staple, celebrated for its high vitamin C content, which supports immunity and overall health. Beyond fresh consumption, lemons are processed into juices, teas, desserts, marinades, and cleaning agents. The zest and leaves impart a distinctive flavor to culinary dishes, while the peel and essential oil are used in skincare, perfumes, and household remedies. Traditional medicine employs lemon for digestion, detoxification, and skin treatments, highlighting its multifunctional benefits.

Culturally, lemons symbolize vitality, freshness, and purification. They hold importance in Mediterranean traditions, South Asian rituals, and global cuisines, often representing prosperity and well-being. Historically, lemons were cultivated in ancient societies and spread via trade routes to Asia, Africa, and the Americas, becoming integral to agriculture and daily life worldwide.

Today, lemons are cultivated on a global scale in regions such as California, India, and Australia, where they support food security and sustainable farming. Combining economic, ecological, and cultural value, lemon trees remain essential contributors to nutrition, medicine, and heritage."
10,Papaya,Carica papaya,https://images.pexels.com/photos/7839741/pexels-photo-7839741.jpeg,"Did you know Papaya leaves can treat dengue fever by boosting platelet counts, per traditional medicine?","Did you know Papaya plants can grow from seed to fruit in just 9 months, a rapid cycle?",Did you know Papaya latex is used in chewing gum production for its natural elasticity?,"Digestive aids: Papaya leaves contain papain, an enzyme used in supplements for digestive health.","Meat tenderizer: Papaya leaf enzymes break down proteins, tenderizing meat in culinary applications.","Fruit production: Papaya plants yield vitamin-rich fruits, supporting tropical agriculture and diets.",Fruit production,Tropical Americas,Tropical,Herb,"Papaya (Carica papaya) is a fast-growing tropical plant native to the Americas, notable for being a giant herb rather than a true tree. Typically reaching 10 to 30 feet in height, papaya features an unbranched, hollow trunk topped with a crown of large, deeply lobed leaves. These leaves, arranged in a spiral, are designed for efficient photosynthesis in warm, humid climates. Flexible yet fragile, they fall off regularly, making way for continuous new growth.

The leaves and latex of papaya contain enzymes such as papain and chymopapain, which aid digestion and are widely used in meat tenderizers, dietary supplements, and traditional medicine. Papaya leaves are also brewed into teas to support digestive health and have been used in folk remedies against malaria and infections. Despite having shallow roots that make the plant vulnerable to wind damage, papaya compensates with rapid growth and early fruiting, often producing harvests within the first year.

Papaya fruits are globally cherished for their sweet, juicy flavor and high nutritional value. Rich in vitamins A and C, folate, and antioxidants, they support immunity and overall wellness. The orange flesh is eaten fresh, blended into smoothies, or processed into jams and desserts, while the black seeds are used in traditional medicine for their antiparasitic properties.

Culturally, papaya has deep roots in pre-Columbian civilizations, where it was cultivated as both food and medicine. Its significance later spread to Asia, Africa, and the Caribbean through colonial trade, where it quickly became a staple crop. Today, papaya plays a vital role in tropical agriculture, supporting food security, smallholder economies, and sustainable farming systems.

With its adaptability, rapid regeneration, and wide-ranging uses, papaya remains an iconic plant of the tropics, blending nutritional, medicinal, and cultural importance worldwide."
11,Jamun,Syzygium cumini,https://sarvodayainstitute.org/cdn/shop/files/IMG_4542.heic?v=1682995877&width=1946,"Did you know Jamun fruits can dye fabrics purple, used traditionally in South Asian textiles?","Did you know Jamun trees can survive floods due to their deep, resilient root systems?",Did you know Jamun seeds are ground into powder to manage blood sugar in herbal remedies?,Oral health: Jamun fruit’s astringent properties promote gum health and combat oral bacteria effectively.,"Fruit production: Jamun trees produce dark purple fruits, a staple in South Asian diets.",Shade provider: Jamun’s dense canopy offers cooling shade in tropical urban and rural areas.,South Asia,Tropical,Tree,Valued in Ayurvedic medicine,"Jamun (Syzygium cumini) is a large evergreen tree native to South Asia, thriving in tropical and subtropical climates. Reaching heights of 50 to 100 feet, jamun is distinguished by its straight trunk, dense branching, and glossy, leathery leaves that taper to a pointed tip. These leaves are well adapted to conserve moisture, enabling the tree to withstand prolonged dry seasons. Its thick canopy provides ample shade, making jamun a favored tree for urban landscapes, village courtyards, and roadside plantings.

The most celebrated feature of jamun is its fruit—a small, oval, deep purple to black drupe with a sweet yet astringent flavor. Rich in vitamin C, iron, and antioxidants, the fruit is cherished both as food and medicine. In Ayurveda, jamun is highly regarded for regulating blood sugar levels, supporting digestion, and promoting oral health. The leaves and bark have antimicrobial properties, while the seeds are used in powdered form to manage diabetes and gastrointestinal disorders. Chewing jamun leaves is a traditional practice for strengthening gums and reducing oral bacteria.

Ecologically, jamun plays an important role in supporting biodiversity. Its flowers attract pollinators like bees, and the fruits are relished by birds, bats, and small mammals, aiding seed dispersal. The tree thrives in a wide range of soils, from sandy loam to clay, and tolerates heat and drought, making it a resilient species for reforestation and sustainable agriculture.

Culturally, jamun has been cultivated in India for thousands of years, often celebrated in folklore, festivals, and diets. Its fruit is consumed fresh, salted, or processed into juices, wines, and preserves. The durable wood, though not used for large-scale timber, is valued for making furniture, tools, and agricultural implements.

With its nutritional, medicinal, cultural, and ecological importance, jamun stands as a cornerstone tree of tropical landscapes."
12,Ashoka,Saraca asoca,https://wildroots.in/wp-content/uploads/2021/01/d7a2a86077e7c6f06d932f6409e3d1e5.jpg,"Did you know Ashoka trees can reduce noise pollution with their dense foliage, ideal for urban areas?","Did you know Ashoka flowers are used in perfumes for their sweet, lingering fragrance?",Did you know Ashoka bark is used in traditional medicine to treat menstrual disorders?,Ornamental landscaping: Ashoka’s orange flowers and lush foliage enhance tropical gardens and parks.,Shade provider: Ashoka’s compact canopy provides modest shade for small urban and rural spaces.,Medicinal uses: Ashoka bark treats reproductive health issues in traditional Ayurvedic medicine.,South Asia,Tropical,Tree,Sacred in Indian culture,"Ashoka (Saraca asoca) is a compact, evergreen tree native to South Asia, admired for its beauty, cultural symbolism, and medicinal properties. Growing to a modest height of 20 to 30 feet, it thrives in tropical and subtropical climates, especially in well-drained soils with partial shade. Its narrow, elongated, and leathery leaves appear in symmetrical pairs, providing resilience against drought and heat. The dense foliage creates a graceful canopy, offering modest shade, while its striking clusters of bright orange to scarlet flowers make it one of the most ornamental species in South Asia.

Medicinally, Ashoka holds immense value in Ayurveda. The bark and leaves are widely used in formulations addressing reproductive health, menstrual disorders, and pain relief. Known for its cooling, healing, and anti-inflammatory properties, Ashoka has been part of traditional remedies for centuries. Its extracts are also employed to treat skin ailments and digestive imbalances, making it a cornerstone of holistic medicine.

Culturally, the Ashoka tree is deeply revered. In Indian traditions, it symbolizes love, fertility, and protection, often mentioned in ancient literature, poetry, and religious texts. Historically, it was planted in royal gardens, temple courtyards, and near sacred spaces, not only for its beauty but also for its association with auspiciousness and spiritual well-being.

Ecologically, Ashoka plays an important role in supporting biodiversity. Its bright flowers attract bees, butterflies, and other pollinators, while its evergreen nature ensures greenery year-round. The tree’s ability to adapt to varying conditions and require minimal care makes it a sustainable choice for urban landscaping, roadside planting, and ornamental gardens.

Today, Ashoka is cultivated widely across tropical regions of the world, appreciated for its aesthetic elegance, cultural significance, and medicinal benefits. With its enduring legacy, it continues to bridge the natural, spiritual, and human worlds."
13,Gulmohar,Delonix regia,https://images.pexels.com/photos/2264075/pexels-photo-2264075.jpeg,"Did you know Gulmohar trees can signal seasonal changes, blooming vividly before monsoons?",Did you know Gulmohar seeds are used as beads in traditional jewelry in tropical regions?,"Did you know Gulmohar wood is lightweight, making it ideal for crafting small boats?",Ornamental planting: Gulmohar’s vibrant red flowers beautify urban landscapes and tropical gardens.,Shade provider: Gulmohar’s canopy offers cooling shade for streets and public spaces.,Street tree: Gulmohar’s heat tolerance makes it ideal for lining tropical urban roads.,Africa,Tropical,Tree,Introduced widely in tropics,"Gulmohar (Delonix regia), often called the “Flame of the Forest,” is a deciduous tree native to Madagascar, celebrated for its dazzling floral display and graceful foliage. Growing between 30 and 40 feet, Gulmohar has a broad, spreading crown that provides generous shade, making it highly valued in tropical and subtropical cities. Its delicate, feathery leaves are composed of tiny paired leaflets that close during rain or at night, an adaptation that conserves energy and reduces water loss in warm climates.

The tree’s most striking feature is its clusters of bright red to orange-red flowers, which bloom profusely during the summer months. These blossoms attract bees, butterflies, and other pollinators, supporting local ecosystems and enhancing urban biodiversity. In addition to its ecological role, Gulmohar is widely admired as an ornamental species, transforming streets, parks, and gardens into vibrant, colorful landscapes. Its resilience in high heat and tolerance of well-drained soils make it especially suitable for regions with dry or semi-arid conditions.

Beyond its visual appeal, Gulmohar also has practical uses. The wood, though not particularly strong, is utilized for small crafts, tools, and fuel. Its expansive canopy creates a natural cooling effect, reducing urban heat and providing shade in densely populated areas. Introduced around the world through colonial trade, the tree has become naturalized across Asia, the Caribbean, and the Americas, where it is often associated with beauty, celebration, and resilience.

Culturally, Gulmohar holds symbolic value in many tropical societies. In India and Southeast Asia, it is a favorite for roadside planting and schoolyards, embodying the spirit of summer. Its sensitivity to seasonal changes, light, and moisture makes it a dynamic and ever-changing presence in landscapes. As both a practical and aesthetic species, Gulmohar contributes to sustainable urban greening and remains one of the most beloved flowering trees worldwide."
14,Bamboo,Bambusa vulgaris,https://images.pexels.com/photos/881235/pexels-photo-881235.jpeg,"Did you know Bamboo can grow up to 3 feet in a single day, one of the fastest-growing plants?","Did you know Bamboo charcoal is used to purify water, removing toxins naturally?",Did you know Bamboo leaves are woven into mats for traditional Asian roofing?,Construction material: Bamboo’s strong stalks are used in eco-friendly furniture and building structures.,Soil erosion control: Bamboo’s rapid growth and roots stabilize soil in flood-prone areas.,Panda food: Bamboo leaves and shoots are a primary food source for pandas.,Southeast Asia,Tropical to Temperate,Grass,Used in Asian architecture,"Bamboo (Bambusa vulgaris) is not a tree but a giant grass, renowned worldwide for its rapid growth, resilience, and ecological importance. Native to Southeast Asia, it thrives in tropical and subtropical climates, though many species adapt to temperate zones. Bamboo can reach impressive heights of 30 to 100 feet, with tall, segmented culms that grow in dense clusters. Its long, narrow, pointed leaves are rich in silica, which strengthens the plant’s structure and makes it resistant to pests and environmental stress.

One of bamboo’s most remarkable qualities is its growth rate—certain species can grow over three feet in a single day. This rapid regeneration makes bamboo an excellent choice for reforestation, soil stabilization, and erosion control, especially in regions affected by deforestation. Its strong, lightweight stalks have been used in construction for centuries, particularly in Asia, where bamboo forms the backbone of eco-friendly housing, scaffolding, bridges, and even musical instruments. Modern sustainable architecture continues to embrace bamboo as a renewable alternative to timber and steel.

Beyond construction, bamboo plays a vital role in ecosystems. Its dense foliage offers shelter to birds and insects, while the leaves serve as a crucial food source for animals, most famously the giant panda. Bamboo groves also absorb significant amounts of carbon dioxide, contributing to climate change mitigation.

Culturally, bamboo carries deep symbolic meaning in Asian traditions, representing resilience, flexibility, and harmony with nature. It has been used in medicine, cuisine, paper-making, and art for thousands of years. Today, bamboo’s global cultivation underscores its versatility, with applications ranging from textiles to biodegradable packaging.

As both a practical material and an ecological resource, bamboo exemplifies sustainability, supporting human needs while protecting natural environments. Its ability to regenerate quickly without depleting soil nutrients makes it one of the most valuable renewable resources worldwide."
15,Rose,Rosa indica,https://images.pexels.com/photos/4449425/pexels-photo-4449425.jpeg,"Did you know Rose petals can be distilled into rose water, used in Middle Eastern desserts?","Did you know Rose plants can live for decades, with some varieties over 100 years old?","Did you know Rose thorns protect against herbivores, aiding survival in diverse climates?",Ornamental gardening: Roses’ colorful blooms make them a staple in global garden landscapes.,Perfume ingredient: Rose petals are distilled into fragrant oils for high-end perfumes.,Floral decoration: Rose flowers enhance events and spaces with their aesthetic appeal.,Global,Temperate to Subtropical,Shrub,Symbol of love historically,"Rose (Rosa indica) is one of the most cherished perennial shrubs in the world, admired for its beauty, fragrance, and symbolism across cultures. Native to Asia but cultivated globally for centuries, roses typically grow between 3 and 6 feet tall, though some varieties form compact bushes while others climb as tall vines. The plant features pinnate, serrated leaves that are dark green, leathery, and efficient in conserving water, helping the shrub adapt to a wide range of climates.

Roses thrive in full sunlight and well-drained, fertile soils, responding well to regular pruning and care. Their blossoms appear in countless colors—red, pink, white, yellow, orange, and even multicolored hybrids—each carrying unique cultural meanings. Beyond their ornamental appeal, rose petals are valued for their fragrance and are distilled into perfumes, rose water, and essential oils used in cosmetics and cuisine. The flowers are also edible and often incorporated into teas, syrups, and desserts.

Culturally, roses symbolize love, passion, purity, and devotion, making them central to traditions, poetry, and rituals worldwide. Historically, roses were cultivated in ancient Persia, India, and Rome, where they adorned gardens, temples, and ceremonial spaces. During the Middle Ages, roses became emblematic in European heraldry, particularly in the Wars of the Roses between the Houses of York and Lancaster.

Ecologically, roses attract pollinators such as bees and butterflies, strengthening biodiversity in gardens and agricultural landscapes. Modern horticulture has produced thousands of varieties, bred not only for their vibrant beauty but also for climate adaptability and resistance to common pests and diseases.

Today, roses remain a cornerstone of global floriculture, with immense economic value in the cut-flower industry, landscaping, and essential oil production. Their enduring charm, cultural richness, and ecological role make roses more than ornamental plants—they are living symbols of human history and natural beauty."
16,Tamarind,Tamarindus indica,https://images.pexels.com/photos/15095868/pexels-photo-15095868.jpeg,"Did you know Tamarind pulp can preserve fish, used traditionally in coastal cuisines?",Did you know Tamarind trees can withstand hurricanes due to their flexible branches?,Did you know Tamarind seeds are crafted into beads for jewelry in African cultures?,Culinary ingredient: Tamarind fruit pulp adds tangy flavor to global dishes and sauces.,Herbal teas: Tamarind leaves are brewed into teas for digestive and health benefits.,Shade provider: Tamarind’s wide canopy provides cooling shade in tropical environments.,Africa,Tropical,Tree,Used in global cuisines,"Tamarind (Tamarindus indica) is a long-lived tropical tree native to Africa, though it has been widely naturalized across South Asia, Southeast Asia, and Latin America. It is an evergreen to semi-evergreen species that can grow between 60 and 80 feet tall, forming a broad canopy that provides dense shade. Its compound leaves consist of numerous small, rounded leaflets that fold inward at night or during intense sunlight, demonstrating a natural adaptation to conserve energy and moisture.

The tree thrives in hot, arid to semi-humid climates and tolerates drought once established. Tamarind produces pod-like fruits with a sticky, brown pulp that is both tangy and sweet, making it a prized ingredient in cuisines worldwide. In South Asian cooking, tamarind pulp is essential for chutneys, curries, and beverages, while in Latin America it flavors candies, sauces, and refreshing drinks. The young leaves are also edible when cooked and are used in soups and stews, while herbal teas made from the foliage are traditionally consumed for their digestive and cooling benefits.

Beyond culinary uses, tamarind has ecological and practical value. Its deep root system anchors soil, helping to prevent erosion, and its canopy supports biodiversity by providing shelter for birds and pollinators. The dense, durable wood of tamarind is used in small-scale construction, furniture, and tool handles.

Historically, tamarind spread across continents through ancient trade routes, becoming integrated into diverse food cultures and traditional medicine practices. In Ayurveda and other systems, it is valued for aiding digestion, reducing fever, and providing antioxidants. Today, tamarind continues to play a central role in global agriculture, cuisine, and ecological sustainability. Its versatility as a food source, medicinal plant, and shade provider highlights its enduring importance in tropical and subtropical landscapes."
17,Moringa,Moringa oleifera,https://images.squarespace-cdn.com/content/v1/5d551402a75c9d00010c7df1/4cdbbcd9-1d21-4615-9c15-615f5ff58db9/Three_year_old_Moringa_Oleifera_tree.jpg,"Did you know Moringa leaves can purify water by removing bacteria, used in rural communities?","Did you know Moringa seeds can produce oil for cooking, a sustainable alternative?","Did you know Moringa trees can grow in saline soils, aiding agriculture in harsh regions?","Nutritional supplements: Moringa leaves, rich in iron, are used in health supplements.",Medicinal uses: Moringa’s antioxidant leaves treat various ailments in traditional medicine.,Food source: Moringa leaves and pods provide nutrition in food-scarce tropical regions.,South Asia,Tropical,Tree,Used in food aid programs,"Moringa (Moringa oleifera) is a fast-growing, drought-tolerant tree native to South Asia, particularly the foothills of the Himalayas, though today it is cultivated widely across Africa, the Middle East, and tropical regions of the Americas. Commonly called the “drumstick tree” or “miracle tree,” it typically grows 30–40 feet tall with slender branches and compound leaves bearing numerous tiny, rounded leaflets that form lush green clusters. These leaves fold slightly during intense sunlight, minimizing water loss, an adaptation suited to arid climates.

Moringa is globally celebrated for its remarkable nutritional profile. The leaves are exceptionally rich in vitamins A, C, and E, as well as minerals such as calcium, iron, magnesium, and potassium. They are consumed fresh, dried into powders, or incorporated into teas, soups, and supplements, making moringa an essential ingredient in food security and aid programs worldwide. In many regions, moringa leaves and pods are used to combat malnutrition, particularly in children and nursing mothers.

Beyond nutrition, moringa has a long history in traditional medicine. Its leaves, flowers, seeds, and roots have been used for centuries to treat ailments ranging from inflammation and digestive issues to high blood pressure and fatigue. Rich in antioxidants and bioactive compounds, moringa is believed to support immune health, reduce oxidative stress, and promote overall vitality.

Ecologically, moringa thrives in poor soils with minimal water, making it valuable for sustainable agriculture and reforestation. Its deep roots stabilize soil, preventing erosion, while its flowers attract pollinators, enriching biodiversity. Farmers often interplant moringa with crops due to its ability to improve soil fertility and provide shade.

Historically cultivated in India and Africa for thousands of years, moringa’s global spread reflects both its resilience and value. Today, it is recognized worldwide as a powerful resource for nutrition, medicine, and sustainable farming."
18,Aloe Vera,Aloe barbadensis,https://images.pexels.com/photos/30872552/pexels-photo-30872552.jpeg,Did you know Aloe Vera gel can preserve food when applied as a natural coating?,"Did you know Aloe Vera plants can survive years without rain, storing water efficiently?",Did you know Aloe Vera was called the 'plant of immortality' in ancient Egypt?,"Skincare products: Aloe vera gel soothes skin, used in cosmetics and burn treatments.",Medicinal gel: Aloe vera’s gel aids wound healing and reduces inflammation effectively.,Ornamental planting: Aloe vera’s succulent leaves enhance arid gardens and indoor spaces.,Africa,Arid,Succulent,Used in ancient Egyptian medicine,"Aloe Vera (Aloe barbadensis) is a perennial succulent plant native to the arid regions of Africa, though today it is cultivated worldwide for its medicinal, cosmetic, and ecological benefits. Characterized by its thick, fleshy, lance-shaped leaves with serrated edges, aloe grows in a rosette pattern and typically reaches 1–2 feet in height. Its leaves act as reservoirs, storing large amounts of water, which allows the plant to survive prolonged droughts and thrive in sandy, well-drained soils. Inside the leaves lies a clear, mucilaginous gel, renowned for its soothing and healing properties.

For centuries, aloe vera has been recognized as a “plant of immortality.” Ancient Egyptian texts describe its use in embalming, skincare, and traditional medicine. The gel is still widely applied today to treat minor burns, cuts, and skin irritations, while its extracts are incorporated into countless skincare, cosmetic, and pharmaceutical products. Beyond topical use, aloe latex, found beneath the leaf skin, has been used historically as a natural laxative, though modern consumption requires caution.

Nutritionally, aloe contains vitamins A, C, E, and B12, along with minerals such as calcium, magnesium, and zinc, which contribute to its role in wellness supplements. Studies also suggest aloe gel may have antimicrobial, anti-inflammatory, and antioxidant properties, supporting its reputation as a versatile natural remedy.

Ecologically, aloe vera is valued for its resilience and minimal water needs, making it an ideal choice for xeriscaping and sustainable landscaping in arid and semi-arid climates. Its ease of propagation through offsets, often called “pups,” ensures rapid spread, while its evergreen nature provides greenery even in harsh conditions.

Globally cultivated across Africa, Asia, the Americas, and Mediterranean regions, aloe vera remains a cornerstone of natural health care, eco-friendly gardening, and sustainable agriculture, embodying both cultural heritage and modern scientific relevance."
19,Coconut,Cocos nucifera,https://images.pexels.com/photos/3560367/pexels-photo-3560367.jpeg,"Did you know Coconut fronds are used to make brooms, a sustainable household tool?","Did you know Coconut trees can produce up to 75 fruits annually, supporting coastal diets?","Did you know Coconut water is sterile, used as an IV fluid in emergencies?",Thatch roofing: Coconut fronds are woven into durable roofing for tropical homes.,"Basket weaving: Coconut leaves are crafted into baskets, supporting traditional coastal crafts.","Shade provider: Coconut palms offer shade, enhancing tropical coastal landscapes and ecosystems.",Tropical Pacific,Tropical,Tree,Staple in coastal cultures,"Coconut (Cocos nucifera) is a tropical palm tree native to the Indo-Pacific region, now widely cultivated across coastal tropics worldwide. Reaching heights of 50–100 feet, it is characterized by a slender, ringed trunk topped with a crown of long, arching fronds. Each frond can exceed 12 feet in length, with narrow, pointed leaflets that sway gracefully in coastal winds. These leaves have been traditionally used for basket weaving, mat making, and thatch roofing, underscoring the tree’s importance in both cultural and practical contexts.

The coconut fruit, often called the “tree of life,” provides an array of resources. Its outer husk yields coir fibers for ropes and mats, while the hard shell is crafted into utensils and decorative items. Inside, the nutritious water and white flesh serve as food staples, while the extracted oil is used in cooking, cosmetics, and traditional medicine. Coconut milk and cream form essential ingredients in many tropical cuisines, reflecting the plant’s deep cultural integration.

Ecologically, the coconut palm plays a vital role in stabilizing sandy shorelines with its deep, fibrous root system that prevents erosion. Its canopy offers shade and habitat for birds, insects, and small animals, supporting biodiversity in fragile coastal ecosystems. Adapted to saline soils and thriving in high humidity, the tree grows prolifically along tropical coasts where other crops often fail.

Historically, coconuts spread naturally across oceans via buoyant fruits capable of germinating after long sea voyages. Human trade and migration further expanded their distribution, embedding coconuts into rituals, economies, and cuisines worldwide. Today, the coconut industry supports millions of livelihoods through agriculture, handicrafts, and exports, while also contributing to sustainable development.

Resilient, versatile, and culturally iconic, the coconut palm continues to serve as a cornerstone of tropical life, uniting ecological, economic, and traditional value."
20,Betel,Piper betle,https://images.pexels.com/photos/12164652/pexels-photo-12164652.jpeg,"Did you know Betel leaves can improve digestion when chewed, a traditional Asian practice?","Did you know Betel vines can climb over 20 feet, thriving in shaded tropics?",Did you know Betel leaf extracts are used in natural deodorants for their aroma?,Chewing stimulant: Betel leaves are chewed for their mild stimulant effects in Asian traditions.,Medicinal uses: Betel leaf extracts aid digestion and treat infections in traditional remedies.,Ornamental vine: Betel’s glossy leaves enhance tropical gardens as a climbing vine.,Southeast Asia,Tropical,Vine,Used in rituals for centuries,"Betel (Piper betle) is a perennial, fast-growing vine native to Southeast Asia, renowned for its glossy, heart-shaped leaves and distinctive spicy aroma. Belonging to the pepper family, this climber thrives in warm, humid, and shaded environments, often cultivated under partial canopy cover to protect its delicate leaves from direct sunlight. The vine can grow several meters in length, requiring support structures such as trellises, bamboo poles, or trees to climb. Its lush, green foliage not only serves functional uses but also adds ornamental value to tropical gardens.

Culturally, betel leaves have been central to traditions across Asia for centuries. The leaves are commonly chewed with areca nut and lime in a practice known as “paan,” which acts as a mild stimulant and has deep social and ceremonial importance. Offering betel leaves is a symbol of respect and hospitality in many South and Southeast Asian communities, while also being used in religious rituals, marriages, and cultural festivities. Beyond its symbolic role, betel leaves possess medicinal properties, being rich in antioxidants and essential oils. In traditional medicine, they are used to aid digestion, relieve respiratory issues, and act as a natural antiseptic.

Economically, betel cultivation supports countless small-scale farmers in tropical regions. The crop is labor-intensive, requiring careful watering, pruning, and harvesting to maintain leaf quality. Its high demand ensures steady market value, contributing significantly to rural livelihoods and local economies. Environmentally, betel vines help conserve soil moisture by providing ground cover and thrive in sustainable, mixed-farming systems where they coexist with other tropical crops.

Historically, betel has been cultivated and traded for thousands of years, spreading across Asia through cultural exchange and commerce. Today, it remains deeply woven into the traditions, health practices, and economies of tropical regions, symbolizing both cultural heritage and agricultural resilience."
21,Basil,Ocimum basilicum,https://www.bhg.com/thmb/jgWzadl7LxZofRylkWz4_47p18E=/1244x0/filters:no_upscale():strip_icc()/mrs-burns-lemon-basil-31966d9a-e03cd09ab70e40ba84bec0d2c628e341.jpg,"Did you know Basil can deter flies, making it a natural kitchen pest control?","Did you know Basil plants can produce seeds that form a gel, used in Asian desserts?",Did you know Basil was used in ancient Rome to symbolize love and fertility?,"Culinary herb: Basil’s aromatic leaves flavor Italian and Asian dishes, enhancing global cuisines.","Pest control: Basil’s scent repels flies and insects, protecting kitchen and garden spaces.",Ornamental gardening: Basil’s lush foliage adds aesthetic value to home and urban gardens.,Mediterranean,Temperate to Subtropical,Herb,Used in Italian cuisine,"Basil (Ocimum basilicum) is a tender, soft-stemmed herb native to the Mediterranean region, cherished for its aromatic leaves and versatile uses. Typically growing 1–2 feet tall, basil develops bright green, oval-shaped leaves that release a strong fragrance when touched. The plant thrives in full sun, warm temperatures, and well-drained but moist soils, making it an ideal choice for kitchen gardens and container planting. With proper care, basil can be harvested multiple times in a single growing season, as its rapid growth encourages continual leaf production.

Globally, basil is cultivated in more than 60 distinct varieties, each offering unique flavors and appearances, ranging from sweet basil with its mild, clove-like taste to Thai basil, known for its anise notes, and purple basil, valued for ornamental beauty. Its leaves are a cornerstone of cuisines worldwide, particularly Italian, Mediterranean, and Southeast Asian dishes, where they are used fresh in salads, sauces, and curries or dried as a seasoning. The plant not only enhances flavor but also contributes nutritional benefits, providing essential vitamins and antioxidants.

Historically, basil has been celebrated for both culinary and medicinal properties. Ancient cultures used it in traditional remedies for digestion, inflammation, and respiratory ailments. Symbolically, basil has carried spiritual meanings across societies, ranging from sacredness in India to a symbol of love and protection in Europe.

Environmentally, basil plays a supportive role in sustainable gardening. Its strong aroma attracts pollinators like bees and beneficial insects while repelling common pests, making it a natural companion plant for vegetables such as tomatoes and peppers. Its adaptability ensures cultivation in small home gardens as well as large-scale farms, contributing to food security and biodiversity.

Today, basil remains one of the world’s most popular herbs, valued equally for its flavor, fragrance, health benefits, and ecological contributions."
22,Coriander,Coriandrum sativum,https://images.pexels.com/photos/6633111/pexels-photo-6633111.jpeg,Did you know Coriander leaves can reduce heavy metal toxicity in the body?,"Did you know Coriander seeds were found in Tutankhamun’s tomb, showing ancient use?","Did you know Coriander plants can attract hoverflies, aiding garden pest control?","Culinary garnish: Coriander leaves, as cilantro, enhance global dishes with fresh flavor.",Medicinal uses: Coriander leaves and seeds detoxify and treat digestive issues traditionally.,Spice production: Coriander seeds are ground into a versatile spice for global cuisines.,Mediterranean,Temperate,Herb,Used in ancient cuisines,"Coriander (Coriandrum sativum) is a fast-growing, aromatic herb native to the Mediterranean and Western Asia, valued for both its leaves and seeds. Typically reaching 1–2 feet in height, coriander develops slender, upright stems with delicate, lacy green leaves, which are widely known as cilantro in many regions. The plant thrives best in cool, temperate climates with well-drained, fertile soil, although it is prone to bolting in hot weather. Its small, white to pale pink flower clusters attract pollinators and eventually produce round seeds, which are equally important in global cuisines.

Coriander is unique in offering two distinct flavors from a single plant. The fresh leaves are citrusy and bright, commonly used in garnishes, salads, chutneys, and salsas, while the dried seeds have a warm, nutty, and slightly spicy flavor, forming a staple spice in curries, pickles, and spice blends such as garam masala. This dual-purpose nature has made coriander indispensable in culinary traditions across Asia, the Middle East, Latin America, and Europe.

Historically, coriander holds one of the oldest records of culinary and medicinal use. Archaeological evidence shows its presence in ancient Egyptian tombs, where it was considered both a food and a medicinal herb. The Romans and Greeks also valued it for seasoning bread, wine, and preserving meat. In traditional medicine, coriander has been used to aid digestion, reduce inflammation, and promote overall wellness.

From an ecological perspective, coriander is well-suited for sustainable farming practices. It matures quickly, often ready for harvest within weeks, and enriches garden ecosystems by attracting bees, butterflies, and beneficial insects. As an easily cultivated crop requiring minimal resources, it supports small-scale farming, home gardening, and large agricultural systems alike.

Today, coriander continues to enrich global diets, linking ancient traditions with modern kitchens while contributing to biodiversity and sustainable food systems."
23,Mint,Mentha spicata,https://images.pexels.com/photos/32756463/pexels-photo-32756463.jpeg,"Did you know Mint can grow underwater, thriving in flooded conditions?",Did you know Mint leaves were used in ancient Greece to scent bathwater?,"Did you know Mint oil is used in toothpaste for its cooling, fresh flavor?","Culinary flavoring: Mint leaves add refreshing flavor to dishes, teas, and desserts worldwide.","Pest repellent: Mint’s aroma deters pests, protecting gardens and kitchens naturally.",Herbal teas: Mint leaves are brewed into soothing teas for digestion and relaxation.,Global,Temperate to Subtropical,Herb,Used in ancient remedies,"Mint (Mentha spicata) is a hardy, perennial herb celebrated for its refreshing aroma and diverse applications in culinary, medicinal, and ecological practices. Belonging to the Lamiaceae family, it is native to temperate regions across Europe, Asia, and Africa, though it has naturalized globally due to its resilience and adaptability. Growing to heights of 1–3 feet, mint develops square stems characteristic of the mint family, spear-shaped bright green leaves with serrated edges, and small clusters of lavender to pink flowers that attract pollinators.

Mint thrives in moist, well-drained soils and flourishes in partial shade, though it tolerates full sun with adequate water. Its vigorous growth habit, fueled by creeping rhizomes, allows it to spread rapidly, making it essential to grow in containers or confined beds to prevent invasive overgrowth. Despite its aggressive nature, mint contributes positively to garden ecosystems by repelling pests such as ants, mosquitoes, and aphids while simultaneously attracting beneficial insects like bees and butterflies.

Culinary uses of mint are extensive and culturally diverse. Fresh leaves flavor teas, chutneys, salads, sauces, and desserts, while dried leaves are used in spice blends. Mint is essential in Middle Eastern, Mediterranean, and South Asian cuisines, and its cooling properties are prized in beverages such as mojitos and mint teas. Medicinally, mint has been valued since ancient times. The Greeks used it to aid digestion and freshen breath, while traditional medicine systems worldwide recognize its soothing effects on the stomach, respiratory tract, and nervous system.

Ecologically, mint’s adaptability makes it an asset for sustainable gardening, as it requires minimal inputs and enriches biodiversity. Its global spread demonstrates its enduring relevance, linking ancient traditions with modern lifestyles. Today, mint remains one of the most versatile herbs, balancing practical utility with ecological benefits in gardens worldwide."
24,Henna,Lawsonia inermis,https://i.redd.it/bnnshsueinaa1.jpg,"Did you know Henna leaves can cool the skin, used in hot climates for relief?",Did you know Henna plants can produce dye for over 10 years without replanting?,Did you know Henna was used in ancient Persia to decorate bridal hands?,"Hair dye: Henna leaves produce natural orange dye for safe, long-lasting hair coloring.",Body art: Henna’s dye creates intricate temporary tattoos for cultural ceremonies globally.,Medicinal uses: Henna leaves cool skin and treat ailments in traditional remedies.,Middle East,Arid to Semi-arid,Shrub,Used in cultural ceremonies,"Henna (Lawsonia inermis) is a flowering shrub native to the Middle East, North Africa, and South Asia, widely cultivated for its cultural, cosmetic, and medicinal significance. Reaching heights of 6–20 feet, henna bears small, oval-shaped green leaves, fragrant clusters of white to pinkish flowers, and tiny fruits containing seeds. Its leaves, when dried, ground, and mixed into a paste, yield a natural orange-red dye that has been used for centuries in body art, hair coloring, and textile decoration.

Thriving in arid and semi-arid climates, henna grows best in sandy or loamy soils with ample sunlight and minimal water requirements. Its deep root system enables survival in hot, dry regions, making it an excellent choice for sustainable landscaping and soil conservation. As a hardy, drought-tolerant species, henna plays an important role in reducing erosion and maintaining ecological balance in challenging environments.

Culturally, henna holds immense symbolic value. It is integral to traditional ceremonies such as weddings, religious festivals, and rites of passage in countries across the Middle East, India, and North Africa. Intricate designs applied to the hands and feet using henna paste represent beauty, protection, and blessings. Beyond body art, henna dye has been historically used to color fabrics, leather, and even animal coats.

Medicinally, henna has long been utilized in traditional systems of healing. It possesses cooling, antimicrobial, and anti-inflammatory properties, making it useful in soothing skin conditions, burns, and minor wounds. Its flowers are also used in perfumes and traditional remedies.

Globally, henna continues to support cultural industries, cosmetic applications, and eco-friendly practices. Its combination of resilience, cultural richness, and versatile utility ensures its continued importance in both heritage traditions and sustainable living."
25,Jackfruit,Artocarpus heterophyllus,https://images.pexels.com/photos/6871013/pexels-photo-6871013.jpeg,"Did you know Jackfruit seeds can be roasted as a nutty, protein-rich snack?",Did you know Jackfruit trees can produce fruits weighing up to 80 pounds?,Did you know Jackfruit latex is used as a natural adhesive in traditional crafts?,"Fruit production: Jackfruit’s large, protein-rich fruits are a dietary staple in tropical regions.",Silkworm feed: Jackfruit leaves provide nourishment for silkworms in sericulture industries.,Shade provider: Jackfruit’s broad canopy offers cooling shade in tropical landscapes.,Southeast Asia,Tropical,Tree,Staple in regional diets,"Jackfruit (Artocarpus heterophyllus) is a large, evergreen tree native to the rainforests of South and Southeast Asia, particularly India, Bangladesh, and the Malay Peninsula. It is one of the largest fruit-bearing trees in the world, reaching heights of 50–70 feet with a broad canopy and glossy, leathery leaves that provide dense shade. The tree produces massive, oblong fruits that can weigh up to 80 pounds, making them the largest tree-borne fruits on Earth.

The jackfruit tree thrives in tropical lowlands with warm temperatures, high humidity, and well-drained soils. Its deep root system allows it to withstand seasonal droughts, while its tolerance to heat and humidity ensures steady growth. The tree’s presence enriches ecosystems, offering food and shelter for birds, insects, and small animals. Its dense canopy helps prevent soil erosion and promotes biodiversity in agroforestry systems.

Jackfruit has played a central role in food security for centuries. Its fruit, rich in carbohydrates, vitamins, and minerals, serves as a staple food in many cultures. Young, unripe jackfruit is cooked as a vegetable, often used in curries and stews, while ripe jackfruit provides a sweet, fragrant pulp enjoyed fresh or dried. The seeds are edible when roasted or boiled, adding further nutritional value.

Historically, jackfruit cultivation dates back thousands of years in India, where it was celebrated in ancient texts and traditional cuisines. Beyond food, the tree contributes significantly to local economies. Its durable, golden-hued wood is prized for small-scale construction, furniture, and musical instruments. Additionally, its leaves are used to feed silkworms and livestock, highlighting its agricultural versatility.

As a resilient, multipurpose species, jackfruit remains essential in sustainable farming practices, supporting ecological balance, cultural traditions, and community livelihoods across tropical regions worldwide."
26,Fig,Ficus carica,https://glut.co.uk/wp-content/uploads/2022/12/Close-up-figs.jpg,"Did you know Fig trees can grow on cliffs, anchoring with strong roots?",Did you know Fig leaves were used in ancient art to symbolize modesty?,"Did you know Fig fruits can ripen year-round in warm climates, aiding food supply?","Culinary wraps: Fig leaves wrap foods, imparting flavor in Mediterranean culinary traditions.","Fruit production: Fig trees yield sweet fruits, a staple in global diets.",Ornamental planting: Fig’s broad leaves and fruits enhance Mediterranean and subtropical gardens.,Mediterranean,Temperate to Subtropical,Tree,Ancient fruit crop,"Fig (Ficus carica) is a small, deciduous tree native to the Mediterranean and Western Asia, widely cultivated for thousands of years as one of the earliest domesticated fruit crops. Typically reaching 10–30 feet in height, the fig tree has a spreading habit with smooth, gray bark and broad, lobed leaves that give it a distinctive appearance. The leaves are rough to the touch and, when broken, release a white, milky latex that has been used traditionally for medicinal and culinary purposes.

The tree thrives in regions with long, hot summers and mild winters. It prefers full sun and well-drained soils, showing remarkable tolerance to drought once established. While figs grow best in warm, temperate to subtropical climates, they are adaptable and can be cultivated in containers in cooler regions, allowing for global spread.

The fruits of the fig tree, technically inverted flowers called syconia, are renowned for their sweet, honey-like flavor and soft, chewy texture. They are consumed fresh, dried, or processed into jams, pastries, and health foods, contributing to global cuisines. Nutritionally, figs are rich in fiber, calcium, iron, and antioxidants, making them a valuable food for promoting digestion and overall wellness.

Historically, figs hold deep cultural and symbolic significance. They were cultivated in ancient Mesopotamia, Egypt, and Greece, often associated with fertility, abundance, and prosperity. References to figs appear in religious texts and folklore across civilizations, underlining their cultural importance.

Ecologically, fig trees support biodiversity by providing food for birds, insects, and mammals. Their dense canopy offers shade and shelter in gardens and landscapes. In sustainable agriculture, fig trees are valued for their resilience, productivity, and low maintenance needs, making them ideal for small-scale farmers and home gardeners alike.

Today, figs continue to enrich diets, traditions, and ecosystems worldwide."
27,Teak,Tectona grandis,https://forestry.com/wp/wp-content/uploads/2023/09/2-6.webp,"Did you know Teak leaves can absorb heavy metals, aiding soil remediation?","Did you know Teak wood resists water, used in boat-building for centuries?","Did you know Teak trees can live over 100 years, outlasting many hardwoods?",Timber production: Teak’s durable wood is used for furniture and shipbuilding globally.,"Food packaging: Teak leaves wrap foods, preserving freshness in traditional Asian practices.",Shade provider: Teak’s large canopy provides cooling shade in tropical environments.,Southeast Asia,Tropical,Tree,Valued for durable wood,"Teak (Tectona grandis) is a large, deciduous tropical hardwood tree native to Southeast Asia, particularly India, Myanmar, Thailand, and Laos. It is one of the most valuable and widely cultivated timber species in the world, growing to impressive heights of 100–130 feet with a straight trunk and spreading crown. The tree produces large, rough, papery leaves and clusters of small, fragrant white flowers during the blooming season. Teak is a seasonal shedder, losing its leaves in the dry months and regenerating vigorously with the onset of rains.

The wood of teak is world-renowned for its durability, strength, and natural resistance to pests, termites, and fungal decay. Its high content of natural oils makes it water-resistant, which is why it has been historically prized for shipbuilding, boat decks, and outdoor structures. Today, teak continues to be a preferred material for high-quality furniture, flooring, cabinetry, and luxury interiors. Beyond timber, its large leaves are traditionally used in food wrapping, thatching, and even as natural dye sources.

Ecologically, teak thrives in tropical and subtropical climates with well-drained, deep alluvial soils. It requires high temperatures, seasonal rainfall, and abundant sunlight, making it suitable for both natural forests and managed plantations. In sustainable forestry, teak is highly valued due to its relatively fast growth compared to other hardwoods, providing economic opportunities for local communities while reducing pressure on natural forests.

Historically, teak wood was used extensively in shipbuilding by ancient Indian and Southeast Asian civilizations, later adopted by European powers for naval fleets. Its reputation for long-lasting performance ensured its global demand for centuries.

In modern contexts, teak remains central to global timber markets, while plantations contribute to reforestation efforts and carbon sequestration. Its ecological adaptability, economic value, and cultural legacy secure its place as one of the world’s most important tree species."
28,Lemongrass,Cymbopogon citratus,https://victoriananursery.co.uk//images/800/lemon-grass-001.jpg,"Did you know Lemongrass can repel ticks, protecting livestock in rural areas?",Did you know Lemongrass stalks are used as skewers in Southeast Asian cooking?,Did you know Lemongrass oil is used in candles for its calming scent?,Culinary flavoring: Lemongrass stalks add lemony flavor to Southeast Asian dishes and teas.,"Insect repellent: Lemongrass’s scent deters ticks and insects, protecting livestock and gardens.",Herbal teas: Lemongrass leaves are brewed into calming teas for digestive benefits.,Southeast Asia,Tropical,Grass,Used in Asian cuisine,"Lemongrass (Cymbopogon citratus) is a perennial tropical grass native to Southeast Asia and widely cultivated across tropical and subtropical regions. It grows in dense clumps that can reach 3–6 feet in height, with long, slender, arching leaves that release a strong lemon-like aroma when crushed. The plant is characterized by its fibrous stalks and distinctive citrus fragrance, which comes from its high citral content.

Lemongrass thrives in warm, humid climates with full sun exposure and well-drained soils. It is relatively low-maintenance, tolerant of drought once established, and spreads quickly, making it ideal for both home gardens and large-scale cultivation. Its clumping growth habit also helps in erosion control and improving soil structure. Traditionally, lemongrass has been used in crop rotations to naturally repel pests due to its strong scent, contributing to eco-friendly farming practices.

Culinarily, lemongrass is a staple in Southeast Asian cuisines, especially Thai, Vietnamese, and Indonesian dishes. Its stalks and leaves are used to flavor soups, curries, teas, and marinades. Fresh or dried, it provides a tangy citrus flavor without the acidity of lemon. Beyond the kitchen, lemongrass is valued for its medicinal properties. In traditional medicine, it has been used as a remedy for digestive issues, fevers, and infections. Its essential oil, rich in citral, is used in aromatherapy, cosmetics, and natural insect repellents.

Historically, lemongrass has been cultivated for centuries across Asia, not only for culinary purposes but also for medicinal and ritual uses. Its role in traditional healing practices continues to be recognized globally.

In sustainable agriculture, lemongrass contributes to biodiversity by supporting pollinators and deterring harmful insects. Its rapid growth and multifunctional uses—culinary, medicinal, and ecological—make it one of the most valuable plants for both small-scale gardeners and commercial industries worldwide."
29,Ginkgo,Ginkgo biloba,https://www.thetreecenter.com/c/uploads/2014/06/ginkgo-tree-2-jpg-webp.jpg,"Did you know Ginkgo seeds are eaten in Asia, believed to boost stamina?","Did you know Ginkgo trees can survive nuclear radiation, as seen in Hiroshima?",Did you know Ginkgo leaves are used in teas to improve circulation?,Medicinal extracts: Ginkgo leaves yield extracts for cognitive health in traditional medicine.,Ornamental planting: Ginkgo’s fan-shaped leaves enhance urban landscapes with aesthetic appeal.,"Air purification: Ginkgo trees tolerate pollution, improving air quality in urban settings.",Air purification,East Asia,Temperate,Tree,"Ginkgo (Ginkgo biloba) is a unique deciduous tree native to East Asia, particularly China, where it has been cultivated for thousands of years. Often called a “living fossil,” ginkgo is the only surviving species of an ancient plant group that dates back more than 200 million years. Mature trees typically grow 50–80 feet tall, with some specimens reaching even greater heights in favorable conditions. The tree is easily recognized by its distinctive fan-shaped leaves, which turn a brilliant golden yellow in autumn, creating striking seasonal displays.

One of ginkgo’s most remarkable qualities is its resilience. It thrives in a wide range of soils, tolerates drought once established, and demonstrates exceptional resistance to pests, diseases, and urban pollution. These qualities make it an excellent choice for city landscapes, where it is often planted along streets, in parks, and around public spaces. Its longevity is legendary, with some trees known to live for more than a thousand years.

Medicinally, ginkgo has a long history of use in traditional Chinese medicine, where extracts from its leaves were valued for promoting circulation and supporting cognitive health. Modern research continues to investigate its potential in improving memory, focus, and overall brain function. The seeds, though used in traditional cuisines, require careful preparation due to their toxicity if consumed in excess.

Historically, ginkgo trees were considered sacred and planted around temples in China, Korea, and Japan. Their survival after the atomic bombing of Hiroshima further symbolizes their resilience, as several trees near the blast zone sprouted new growth shortly afterward.

Ecologically, ginkgo trees contribute to urban biodiversity by providing shade, improving air quality, and supporting pollinators when their flowers bloom. With its unique evolutionary heritage, cultural significance, and environmental adaptability, ginkgo remains one of the world’s most valued and enduring trees."
30,Oak,Quercus robur,https://arboretum.rowan.edu/wp-content/uploads/2023/06/RU-Willow-Oak-547-0009.jpg,"Did you know Oak trees can support over 1,000 insect species, boosting ecosystems?",Did you know Oak bark was used to tan leather in medieval Europe?,Did you know Oak acorns were a staple food for ancient indigenous tribes?,Timber production: Oak’s strong wood is used for furniture and construction in Europe.,Wildlife food: Oak acorns provide essential nutrition for birds and mammals in ecosystems.,Shade provider: Oak’s broad canopy offers cooling shade in temperate landscapes.,Europe,Temperate,Tree,Symbol of strength in folklore,"Oak (Quercus robur) is a majestic deciduous tree native to Europe and widely admired for its strength, durability, and ecological importance. Commonly known as the English oak, this species can reach heights of 50–100 feet, with some ancient specimens surviving for several centuries and even surpassing a thousand years. Its broad crown and sturdy branches provide shade and shelter for countless organisms, while its deeply lobed, leathery leaves are easily recognizable.

One of the oak’s defining features is its acorns, which serve as a vital food source for birds, squirrels, deer, and other wildlife. By supporting such diverse animal populations, oaks play a central role in temperate forest ecosystems. Their fallen leaves enrich the soil, encouraging nutrient cycling and supporting the growth of surrounding plants. The oak’s strong and durable wood has been valued for centuries, traditionally used in shipbuilding, furniture, and flooring, and continues to be highly sought after in sustainable forestry.

Historically, oaks held deep symbolic significance in European culture, representing strength, endurance, and wisdom. They were sacred to ancient Celtic and Norse peoples, often associated with gods of thunder and sky. Many traditional ceremonies took place beneath their branches, cementing the oak as a cultural icon in European folklore.

Ecologically, oaks are biodiversity hotspots, providing habitats for insects, fungi, birds, and mammals. A single oak tree can host hundreds of species, making it a keystone organism in woodland ecosystems. They thrive in temperate climates with well-drained soils, where their slow growth and long lifespan contribute to forest stability.

Today, oaks remain central to conservation and sustainable forestry efforts. Their resilience, ecological contributions, and cultural heritage ensure their continued importance. As symbols of endurance and guardians of biodiversity, oak trees remain among the most treasured and ecologically significant trees in the world."
31,Pomegranate,Punica granatum,https://plantmegreen.com/cdn/shop/files/Pomegranate_b09b55fc-82b0-43d3-a897-1454d805805b.jpg?v=1736453685&width=1500,"Did you know Pomegranate seeds can remain viable for years, aiding replanting?",Did you know Pomegranate juice was used as a natural ink in ancient times?,Did you know Pomegranate trees can produce fruit in their first year?,Fruit production: Pomegranate’s antioxidant-rich fruits are used in juices and culinary dishes.,Medicinal extracts: Pomegranate seeds and rind treat inflammation in traditional remedies.,Ornamental gardening: Pomegranate’s vibrant flowers and fruits beautify Mediterranean gardens.,Middle East,Mediterranean to Subtropical,Shrub,Symbol of fertility in ancient cultures,"Pomegranate (Punica granatum) is a deciduous shrub or small tree native to the Middle East, particularly the region of modern-day Iran, and widely cultivated across Mediterranean and subtropical climates. Typically reaching 12–20 feet in height, the tree is known for its glossy, lance-shaped leaves, which turn a brilliant yellow in autumn, adding seasonal beauty to gardens and landscapes. The leaves are arranged oppositely, smooth, and leathery, adapted to conserve water and optimize photosynthesis in arid conditions.

In spring and early summer, the pomegranate produces striking scarlet-red flowers, which eventually develop into its iconic fruit. The fruits, encased in a tough, leathery rind, contain hundreds of jewel-like seeds, or arils, filled with tangy-sweet juice. Rich in antioxidants, vitamins, and minerals, pomegranates are prized in cuisines worldwide, from fresh juices and desserts to savory dishes and salads. Beyond their culinary value, they have been used in traditional medicine for centuries, believed to support cardiovascular health, reduce inflammation, and strengthen immunity.

The pomegranate tree is well-suited for cultivation in hot, dry regions, thriving in well-drained soils with full sunlight. Its drought tolerance and deep root system make it ideal for sustainable gardening and xeriscaping, while its blossoms attract pollinators such as bees, enhancing biodiversity. Additionally, the tree helps prevent soil erosion, contributing to ecological stability in semi-arid landscapes.

Historically, the pomegranate has carried profound symbolic meaning, representing fertility, prosperity, and eternal life in cultures from ancient Persia and Greece to biblical traditions. Its imagery appears in art, mythology, and religious texts, underscoring its cultural significance. Over 4,000 years of cultivation and trade spread the fruit from Asia to Europe and the Americas, where it remains popular today. Modern breeding focuses on improving fruit size, flavor, and resistance to disease, ensuring its role in sustainable agriculture.

✅ Word Count: 300"